,year_25,C_ID,latitude,longitude,Appointments,pop,pred_lm,pred_rf,pred_rf_hyper
9362,1800,1035,53.68376159667969,-0.0117969997227191,15,1016.0,2857.2181135940264,2505.293,2424.5528474915654
9643,1800,325,51.73063278198242,0.6696463227272034,20,719.0,2315.1196063222305,1545.624,2061.4169731321044
5460,1675,817,52.89811706542969,-1.8658009767532349,24,1600.0,1668.512802584526,777.75,940.2743286060881
5149,1675,504,51.29442596435547,0.4087840020656585,72,500.0,1062.9340455105776,752.231,785.8581722465937
9513,1800,196,53.14178085327149,-1.642634391784668,15,847.0,3183.7545984619283,6677.125,4914.158199418547
2438,1600,617,52.65141677856445,-0.477918803691864,1,300.0,547.5675668222393,500.7,739.8222036378896
9462,1800,143,50.51100158691406,-4.854000091552734,6,998.0,2738.1099963157976,1517.991,2164.51357906173
9367,1800,104,50.299259185791016,-4.898449897766113,2,601.0,2666.0603118433137,1094.12,2058.574573829846
8363,1775,102,50.14954376220703,-5.08165168762207,3,3800.0,2385.4218875567894,1494.571,2187.1719938579404
9612,1800,298,54.7808837890625,-1.5440906286239624,66,12289.0,3928.65811962929,8681.066,7040.056921955704
1462,1575,58,52.097774505615234,0.2777230143547058,96,460.0,561.4798712625925,606.07,772.7791624219269
1316,1575,420,51.76150894165039,-0.2107391059398651,5,790.0,13.2780651621797,856.55,774.0791002997522
2284,1600,446,52.331939697265625,-0.1880131065845489,17,130.0,514.0647435128049,599.08,747.3737608257193
2660,1600,847,52.34257125854492,0.5107811093330383,8,1500.0,244.89886248042603,723.09,711.53230867185
9497,1800,178,53.23104476928711,-1.289720892906189,20,2189.0,3187.711198294048,4403.237,3910.383384900384
9784,1800,467,51.08139801025391,1.1694560050964355,45,6929.0,2074.235815282722,3447.657,2452.627334926859
9741,1800,421,51.75324249267578,-0.448632001876831,6,7480.0,2404.943055632182,1961.405,2094.4694190663718
10180,1800,857,52.18890380859375,0.997712016105652,31,4119.0,2304.386688713952,1498.768,1928.1242259696112
4896,1675,250,50.66556167602539,-2.599578857421875,17,650.0,1150.352669397871,1033.62,999.5476520700695
2683,1600,872,51.21432113647461,-0.7988020181655884,6,1500.0,36.318057674434385,1342.59,840.6134932179332
9647,1800,329,51.58638381958008,0.6048709750175476,23,1131.0,2286.391518598575,2866.59,2410.028811105451
4990,1675,343,51.86421203613281,-2.238033533096313,82,640.0,1763.9987546169505,782.939,952.4988039048259
5119,1675,475,50.95094680786133,0.9065892100334167,7,900.0,595.2776394134416,913.29,793.2027537150726
4958,1675,314,51.4784049987793,0.3230150938034057,17,250.0,963.3219414497871,661.7,868.4990432664218
9476,1800,159,54.73796081542969,-3.185420036315918,20,668.0,4012.4320161310316,3389.085,4319.907308245403
6745,1725,298,54.7808837890625,-1.5440906286239624,64,6000.0,3135.419449111265,2397.101,2357.4469961541167
10092,1800,773,51.37141036987305,-2.5482490062713623,15,682.0,2523.309573666578,1225.891,2339.2558736439937
5309,1675,673,52.13510513305664,-0.989687979221344,16,1190.0,1277.7690978167375,912.42,855.4369282265735
1623,1575,743,51.12751388549805,-3.004844188690185,10,1770.0,142.58878140743764,1121.76,981.5027241452673
10290,1800,97,50.2127685546875,-5.294775009155273,7,4714.0,2720.726493635033,2318.955,2362.0565368365046
10245,1800,926,50.82845306396485,-0.3745476901531219,5,2692.0,1907.1096105192264,915.732,1724.5981656694662
2653,1600,840,52.082767486572266,0.4409449994564056,16,450.0,201.59651923130878,548.29,696.2940741053703
1261,1575,360,51.78716659545898,-2.193556070327759,17,710.0,398.67128927064186,501.12,935.1647607437277
5259,1675,625,52.518062591552734,1.0155270099639893,16,870.0,1117.3652677190476,570.92,738.399975552084
9718,1800,398,52.190711975097656,-2.5087199211120605,80,3695.0,3201.5517337497804,4052.05,2734.552999937625
9611,1800,297,54.57045364379883,-1.32898211479187,15,3160.0,3602.5723657052367,3731.971,4778.349283953442
2235,1600,394,50.89958953857422,-1.405146598815918,8,810.0,179.1056001108227,1154.75,902.7893744430423
5097,1675,452,52.33252334594727,-0.0763979032635688,72,1480.0,1516.7405500461755,819.147,812.4512707363828
4582,1650,864,51.24058532714844,-0.0991619974374771,1,540.0,441.63893998708954,874.27,753.2058618681698
2537,1600,723,52.36820602416992,-2.719454050064087,14,1660.0,816.9981258510597,1731.32,1005.3779805746333
8676,1775,341,52.04965591430664,-1.7832211256027222,21,1620.0,2542.6083781899724,2153.1545,2451.5186478347873
9974,1800,659,52.785377502441406,1.4131609201431274,112,619.0,2859.9908144192814,3793.688,3157.4283966800804
9854,1800,538,53.48120880126953,-2.891011953353882,29,1079.0,3447.4416036513285,9332.32,5246.729799327281
4827,1675,168,54.35531997680664,-3.3383724689483643,2,190.0,2514.2854143527074,627.874,989.5244966119883
5217,1675,585,52.76860046386719,-0.3784619867801666,37,770.0,1522.9585375375755,1317.53,806.730421202202
5224,1675,591,52.67630386352539,-0.1669214069843292,4,930.0,1314.029221534518,965.0,789.1471221243311
2256,1600,416,51.95440673828125,-0.0534429997205734,13,40.0,353.6597639277825,450.24,747.8755875578074
5109,1675,466,51.31599426269531,0.8893579840660095,24,1630.0,801.5165967518769,1050.91,798.4114079533854
10277,1800,957,54.47427749633789,-2.3489251136779785,11,3750.0,3501.1510555176064,2060.448,4213.352597521662
1450,1575,568,52.45599365234375,-1.199159026145935,52,530.0,564.1715523635503,685.44,860.6643860427849
4632,1650,916,50.98670196533203,-0.6107242107391357,11,1260.0,458.56710124612437,819.61,788.5142893074683
5370,1675,731,52.8536376953125,-2.7267119884490967,41,720.0,1886.0966988576838,1248.07,1026.9606815577304
1694,1575,814,52.90793228149414,-2.144045114517212,10,800.0,609.3239399884114,1050.9,1339.7794270808954
5072,1675,427,51.76000595092773,-0.0150420004501938,4,530.0,1022.2180468825318,989.32,840.8430366216504
9515,1800,199,50.51577377319336,-3.7513949871063232,14,3053.0,2586.5355839228505,1525.049,2287.036114210886
1467,1575,584,52.97893905639648,-0.0265769995748996,32,2360.0,474.76227761295013,1830.83,822.053992791801
5621,1675,986,51.18219375610352,-2.108603239059448,14,1200.0,1010.297325768639,1614.19,957.0311226621695
10241,1800,921,50.91832733154297,-0.4543130099773407,18,792.0,2008.3870729227783,1630.517,1956.51207188732
2217,1600,374,50.954689025878906,-1.217966914176941,19,690.0,223.17173207960877,1073.92,923.0905337695638
1670,1575,792,51.04107284545898,-3.309656143188477,30,700.0,230.1404577245121,689.96,911.934604189326
2410,1600,591,52.67630386352539,-0.1669214069843292,1,460.0,516.482268278698,617.88,746.8413663563183
9953,1800,639,52.40285110473633,1.298285961151123,25,1516.0,2375.5786200582443,1608.05,1995.9650960405656
5077,1675,432,51.8155403137207,0.1472100019454956,8,1070.0,1032.2475000904742,1022.196,853.2071008457124
11325,1850,676,55.412742614746094,-1.7062989473342896,1,9664.5,4298.341535438594,4457.979,4428.540840804387
9468,1800,150,54.28145980834961,-3.371648073196411,13,602.0,3854.3846368324375,2798.663,4416.640407401943
5436,1675,796,52.81800079345703,-1.8821790218353271,10,760.0,1589.355056032211,967.54,931.7912334696093
9851,1800,535,54.10829544067383,-2.7810637950897217,13,2386.0,3581.526985345983,6128.312,4800.206957042089
2656,1600,843,52.07435607910156,0.7163299918174744,12,1380.0,138.0048100667118,552.1,689.0935449770489
1605,1575,725,52.9035530090332,-2.483484983444214,13,1230.0,701.1112194000016,1712.22,1332.7567085512665
2676,1600,865,51.38648986816406,-0.5094559788703918,12,410.0,79.87974918074178,879.28,746.8317835114408
2224,1600,381,51.3250732421875,-1.2417049407958984,16,1370.0,341.07240120047936,1134.31,911.0318953084862
2461,1600,642,52.43232345581055,1.0010428428649902,3,560.0,243.66691660159267,492.89,686.4198959019898
1418,1575,53,52.05839920043945,-0.8561223745346069,12,150.0,362.29107103129354,442.751,891.6018012242818
9796,1800,48,51.57194519042969,-0.7769421935081482,6,3965.0,2509.759382667151,3319.862,2468.0206756390958
4900,1675,254,50.73357772827149,-2.758301019668579,11,1560.0,1171.4812237556107,853.64,987.4040747724626
9409,1800,1088,54.037845611572266,-1.566835641860962,12,1426.0,3191.123309486262,6269.468,4710.649471183746
9374,1800,1049,54.33778381347656,-1.4310027360916138,36,5961.0,3390.6204660214134,4438.781,4821.444722946209
3956,1650,210,50.91396713256836,-3.869415044784546,16,790.0,1179.7287916108107,1334.23,1042.1385905271707
9520,1800,202,51.07815933227539,-4.058338165283203,31,4019.0,2902.6067156328645,4278.2505,2500.45841305492
7322,1725,881,51.2419548034668,-0.2037999927997589,5,1400.0,1254.7566319671314,1139.976,1335.7842616778103
6818,1725,364,51.99226379394531,-2.1579599380493164,21,3000.0,2050.0353554726826,2534.91,2096.4420300863703
8686,1775,350,51.72809219360352,-2.287645101547241,23,510.0,2513.8753897829883,1422.735,2518.843474052192
4991,1675,344,51.7184944152832,-1.9682430028915403,35,2760.0,1468.6849554801083,942.77,956.0729976193101
1471,1575,588,53.15852355957031,0.2683103084564209,26,460.0,464.89489714430965,723.338,784.2530339898352
9730,1800,409,51.63106918334961,-0.1512710005044937,43,406.0,2479.5914079109643,3105.976,2617.106256260111
2451,1600,632,52.37649154663086,1.1083940267562866,11,600.0,245.22425509818277,583.84,688.4030480312234
9823,1800,505,51.2669677734375,0.0718270018696785,31,1437.0,2236.0646954956464,2729.186,2443.681088977933
9526,1800,208,50.67306518554688,-3.840265035629273,7,1197.0,2622.189184614981,1407.211,2148.8105562135297
5255,1675,62,52.33521270751953,0.3375079035758972,27,1400.0,1382.8231999534619,1088.991,837.3666764446016
9357,1800,1030,53.910400390625,-0.1739529967308044,18,704.0,2975.8903976878937,1599.699,2438.4228550212624
10263,1800,942,52.58208847045898,-1.8116611242294312,5,2959.0,2736.2473658769304,4001.3355,3345.791930643208
10181,1800,859,52.03570938110352,0.7229602932929993,18,958.0,2236.6184934056,1583.8375,1746.0653662027564
961,1575,1039,54.288700103759766,-1.5933178663253784,16,1340.0,961.6301117933108,994.35,1093.94642861244
9638,1800,320,51.92708969116211,1.2348448038101196,20,839.0,2298.137383242123,2596.412,2066.817321182258
10306,1800,99,50.6094856262207,-4.705152988433838,1,1100.0,2741.8700129795398,784.512,2050.239596052068
10209,1800,887,50.82262802124024,-0.137046992778778,4,5670.0,1876.4201887243617,2396.839,2046.1811104350347
9396,1800,1076,53.52281951904297,-1.1284619569778442,55,14389.0,3132.6542860360278,8208.059,6081.169880990526
10310,1800,993,51.25666046142578,-2.185771942138672,4,7741.0,2310.6254561383903,1891.9585,2147.7652417650384
5019,1675,371,51.15071868896485,-0.9731770157814026,38,950.0,1121.3097396442681,1198.74,905.765521218939
10020,1800,705,51.64584732055664,-1.1671572923660278,20,1655.0,2449.108210553968,2876.24,2851.88325428614
9610,1800,296,54.74945831298828,-2.0113019943237305,7,7751.0,3736.186032293219,3155.3955,4323.7628169639465
2005,1600,15,51.987701416015625,-0.6209208965301514,18,480.0,600.6809348124589,819.75,889.6212526705153
2658,1600,845,52.24916458129883,1.079759955406189,2,250.0,99.29409236343054,539.62,688.5667143558001
9959,1800,644,52.895938873291016,0.875399112701416,13,1008.0,2559.7581313712,1490.514,1835.2065106967755
4717,1675,1024,53.84781646728516,-0.4360944032669067,5,1200.0,1632.6426152354834,1274.145,870.7177069791977
1265,1575,364,51.99226379394531,-2.1579599380493164,17,1990.0,463.55801443662494,971.93,948.3483900103221
9363,1800,1036,53.930057525634766,-0.7794058918952942,55,3291.0,3233.658105503091,7965.267,6154.380799368528
5045,1675,398,52.190711975097656,-2.5087199211120605,44,470.0,1738.750046785106,792.48,960.741397718573
9994,1800,678,55.770240783691406,-2.00539493560791,29,7746.0,4066.2631515235917,3536.596,4268.069036386074
2186,1600,344,51.7184944152832,-1.9682430028915403,19,2760.0,615.1303266329487,962.96,979.5942356534193
5480,1675,838,52.04507827758789,0.9526469707489014,24,1880.0,929.2254531209619,778.35,732.1498248584325
5130,1675,487,51.38811874389648,0.5015313029289246,4,1050.0,793.7461155428464,1702.53,876.8157548580662
5164,1675,523,53.75849914550781,-2.938539743423462,2,290.0,2132.3235288114083,796.488,1183.310465276964
5049,1675,401,52.22570037841797,-2.742772102355957,19,1460.0,1678.4191676299815,824.97,967.39057821488
1367,1575,473,51.071739196777344,1.081936955451965,43,550.0,-280.0118506783183,643.48,748.4167012157782
2213,1600,370,51.63802337646485,-2.351248025894165,15,1820.0,620.6744103762103,1101.54,990.568572214421
4759,1675,1074,53.65668869018555,-1.7297697067260742,1,900.0,1732.4379880800843,800.13,1056.2099070733616
5544,1675,900,50.91802597045898,-0.1158239990472793,24,300.0,680.8346264948268,470.05,664.962382424018
8041,1750,690,52.95108795166016,-0.9561439752578736,68,510.0,2560.9024817062163,2809.882,3562.2303956645255
1466,1575,583,53.16958999633789,0.0062262997962534,48,200.0,605.5415392428695,687.377,782.8915698363764
10152,1800,83,53.06718444824219,-2.524101972579956,31,8235.0,3398.1869643804894,4091.581,4798.242922396388
9861,1800,546,53.54093170166016,-2.111365795135498,7,16690.0,3250.7463791759074,5681.4865,4751.610477008199
9525,1800,207,50.3951416015625,-3.5139238834381104,4,4341.0,2462.17003278582,2238.9915,2174.707738927844
5442,1675,800,52.98488235473633,-1.986503005027771,13,880.0,1675.399885327286,864.24,1004.5402395706182
10090,1800,771,51.30193328857422,-2.3244411945343018,28,593.0,2521.1597966374466,3556.034,2512.460025974443
5274,1675,639,52.40285110473633,1.298285961151123,32,780.0,1098.0330908187461,658.67,742.0267092484843
5489,1675,846,52.34756851196289,0.5156095027923584,20,1580.0,1082.5361047990446,937.93,749.3380368586543
2289,1600,451,52.45036315917969,-0.1084655001759529,9,750.0,507.1173371254117,930.54,762.7841078528216
5508,1675,863,52.22475814819336,0.8879367113113403,38,510.0,1054.4062085426922,1073.42,749.2146804734058
9633,1800,316,51.87314987182617,0.3579199910163879,28,2015.0,2450.280834613215,1925.013,2183.322495005932
2713,1600,903,50.8646125793457,0.2552340030670166,42,610.0,-103.07210477627086,624.91,669.0680221921746
5304,1675,669,52.57430267333984,-0.2443137019872665,43,2660.0,1433.7904790579196,1039.599,819.5060456981226
5746,1700,168,54.35531997680664,-3.3383724689483643,2,530.0,2775.826116033517,1063.919,1420.5289365715764
1342,1575,446,52.331939697265625,-0.1880131065845489,14,140.0,239.59919361861103,625.42,731.6911387869361
9635,1800,318,51.76778793334961,0.0878060013055801,13,1695.0,2389.8878695900494,2285.806,2232.562562632626
1459,1575,576,52.81736755371094,-0.8107845187187195,40,220.0,576.2710047327564,899.72,943.5978061460196
9460,1800,141,50.26386260986328,-5.0495805740356445,3,2482.0,2669.6599525763595,2418.285,2166.981948037575
9841,1800,523,53.75849914550781,-2.938539743423462,13,5460.0,3487.4181473312055,5512.507,4871.127370367258
9874,1800,562,52.749210357666016,-1.4686180353164673,32,2060.0,2977.7397491256197,3770.588,3475.059157425985
4313,1650,594,53.529029846191406,-0.8218029141426086,13,960.0,1489.1708768561148,770.3,915.9594267415318
9716,1800,396,50.84858703613281,-1.241713047027588,6,3227.0,2219.1621607591005,2464.7065,2264.1298556917677
3874,1650,117,50.27022552490234,-4.787522792816162,2,580.0,1065.4704056671908,543.55,983.0949075942502
1248,1575,348,51.70753860473633,-1.78513503074646,25,130.0,346.10987100672355,680.06,878.6310221924342
5053,1675,405,52.04049682617188,-0.1549569964408874,24,710.0,1234.8656514787508,625.978,805.4866104734188
1428,1575,541,54.04490661621094,-2.799346685409546,12,2730.0,1202.1415409635956,1777.22,1371.3331268426246
9656,1800,337,51.69598388671875,-2.458395481109619,9,3852.0,2734.3170980719515,2366.415,2281.7539752130833
941,1575,1020,52.06535720825195,-2.217406988143921,36,570.0,373.4629319516607,839.19,926.7055465964414
3952,1650,206,50.82887649536133,-3.418210029602051,6,1110.0,1038.5910960350375,1390.39,1046.034150457313
5332,1675,697,53.309303283691406,-1.1227450370788574,13,1800.0,1687.9352309066962,789.54,895.4894344256854
1755,1575,88,53.18603897094727,-2.5469799041748047,10,640.0,997.3143089790756,2398.62,1449.7606028107211
9986,1800,670,52.51669692993164,-0.7233049273490906,16,230.0,2678.61447771189,2543.893,2487.6540235125613
9989,1800,673,52.13510513305664,-0.989687979221344,110,2245.0,2990.451183573532,3340.964,3040.1503548733244
2672,1600,859,52.03570938110352,0.7229602932929993,7,420.0,96.90176984335994,717.43,693.2648321768145
10060,1800,743,51.12751388549805,-3.004844188690185,10,4911.0,2496.4550965347444,2253.2325,2261.6045307546615
5583,1675,941,52.19173049926758,-1.7082979679107666,12,1520.0,1306.7282672457295,664.925,871.3864549262831
5105,1675,462,51.0955810546875,0.5376390218734741,3,1220.0,689.5652802660552,1400.68,827.2862104022244
5334,1675,7,52.0869369506836,-0.2642199993133545,14,770.0,1350.2336687277566,776.389,744.6019486695543
2197,1600,355,51.86269378662109,-2.489453077316284,4,550.0,677.7991847429439,946.61,1031.829267408708
1619,1575,74,53.16234970092773,-2.222035646438598,5,4300.0,921.7892622298386,1873.99,1503.638177142762
9463,1800,144,50.35403823852539,-4.455632209777832,1,433.0,2599.9842684206887,2103.2265,2141.34493898543
5055,1675,407,51.65692138671875,-0.1949252039194107,9,640.0,1041.7993352920676,886.94,841.6985266613524
4742,1675,1052,54.283111572265625,-0.3997519910335541,12,2180.0,1800.4162184473753,883.76,798.404290350283
9707,1800,385,51.007591247558594,-0.9389899969100952,20,2805.0,2291.788752435401,2757.294,2466.3846091984447
10267,1800,946,54.42873764038086,-2.961333036422729,25,624.0,3643.4840530711226,3457.226,4575.397272780024
5521,1675,876,51.10453414916992,-0.6400306224822998,7,500.0,761.1525361053573,727.61,850.4155381910588
1083,1575,178,53.23104476928711,-1.289720892906189,24,570.0,851.0780141179202,1282.62,1101.0719461811045
10103,1800,783,51.17624282836914,-3.3358750343322754,22,1659.0,2603.6324042316337,2568.9925,2252.724665916632
8689,1775,354,51.70441818237305,-2.187053918838501,17,4000.0,2462.9814203383503,2302.636,2494.346290350487
2288,1600,450,52.44374465942383,-0.7115600109100342,10,500.0,602.450576803647,763.691,876.9291555881314
9906,1800,592,53.611324310302734,-0.8321589827537537,4,2999.0,3050.612044062531,2305.283,3068.62227773172
1769,1575,895,50.83830642700195,-0.7695580124855042,9,320.0,-355.3897470398879,264.97,741.9857731470779
4785,1675,1101,53.88355255126953,-1.2608890533447266,9,300.0,1765.318226786665,1063.385,946.1864013905516
1826,1575,951,54.5759162902832,-2.4840266704559326,7,450.0,1188.280671012646,1262.57,1353.5594362212566
10063,1800,746,51.0866813659668,-2.5164635181427,38,1406.0,2526.5516729178707,2615.084,2394.4936872390863
9939,1800,625,52.518062591552734,1.0155270099639893,6,1413.0,2381.9859487451613,1291.462,1853.6749247046675
4710,1675,1004,52.19363784790039,-2.2215750217437744,5,1620.0,1336.558519382641,1374.68,1003.7196845667291
1357,1575,464,51.22249221801758,1.401661038398743,36,200.0,-303.99349154374795,996.24,745.4406973471166
5007,1675,36,51.60239410400391,-0.6442409157752991,23,970.0,1269.2442895751228,1284.99,924.1790674656818
4831,1675,171,54.82554244995117,-3.16123104095459,16,440.0,2710.575094900203,696.112,923.0675831679083
10272,1800,952,54.526851654052734,-2.3127329349517822,13,2271.0,3524.1237194697605,2180.075,4233.812208958611
10201,1800,879,51.184059143066406,-0.1889254003763198,14,2881.0,2056.2670244121255,2144.025,2021.1088192860445
6804,1725,350,51.72809219360352,-2.287645101547241,16,460.0,1960.6360072567913,1684.382,2035.6268688080474
5158,1675,516,54.10287094116211,-2.778411388397217,1,1830.0,2225.805630908275,720.14,1026.093580295564
9403,1800,1082,54.00743865966797,-1.464572787284851,18,11890.0,3192.46936717668,5860.532,4796.002277785804
9341,1800,1012,52.10683441162109,-2.0804569721221924,21,1942.0,2658.589218840403,1810.752,2376.462146718344
6800,1725,347,51.67876815795898,-2.350517988204956,17,2000.0,1958.3588021126125,1672.857,1956.58098136216
5065,1675,420,51.76150894165039,-0.2107391059398651,14,1380.0,1098.215416525578,886.3,826.5758486678856
5093,1675,448,52.29697799682617,-0.3867050111293793,52,670.0,1467.2815093569443,848.512,815.4422780947676
4318,1650,599,52.80398941040039,0.013434000313282,15,620.0,1114.1398704749881,878.08,771.6165917826485
1508,1575,628,52.94593048095703,0.7305480241775513,4,230.0,211.96075413577637,675.44,733.6542617704971
9551,1800,234,50.53710174560547,-3.628226518630981,2,823.0,2512.262490397421,2041.6945,2146.98674638591
10312,1800,995,51.5413932800293,-1.902318000793457,20,1390.0,2434.6604451684107,1714.983,2304.8344068128476
5323,1675,689,55.54684066772461,-2.0122389793396,13,140.0,2609.18746440416,1051.71,967.429594716452
10186,1800,864,51.24058532714844,-0.0991619974374771,8,450.0,2041.0411292365243,2343.723,1979.6894863866844
10288,1800,968,51.64057159423828,-1.857945442199707,3,1155.0,2397.7224771609763,1269.781,2077.891623788494
4767,1675,1081,53.867794036865234,-1.912358045578003,8,1090.0,1862.2890970205335,987.575,1013.5206755040443
9352,1800,1026,54.08535003662109,-0.1988019943237304,15,8163.0,3029.1654577736117,2011.758,2719.5759655103097
11319,1850,195,53.276798248291016,-1.7758899927139282,2,2723.0,3718.8561861960043,6184.6645,4817.83643955109
4969,1675,324,51.73180389404297,0.6714479923248291,6,1010.0,947.5463178742066,798.89,850.172890294584
9782,1800,465,51.45063400268555,0.0570861995220184,4,3695.0,2198.767095059069,2930.722,2401.392035718946
9338,1800,101,50.35622787475586,-4.4552321434021,4,951.0,2627.157999257557,1422.272,2092.090142323918
5220,1675,588,53.15852355957031,0.2683103084564209,25,430.0,1506.7494211297599,683.715,785.4325415018606
3878,1650,120,50.35308456420898,-5.008638858795166,6,530.0,1144.8048981384127,1111.49,1028.3762527090664
2510,1600,697,53.309303283691406,-1.1227450370788574,9,1050.0,886.0799949130815,938.43,914.3247916347831
5183,1675,548,53.56893539428711,-2.885056972503662,9,460.0,2080.1452525812347,772.42,1075.794568192576
5299,1675,664,52.25602722167969,-1.162594199180603,17,1250.0,1353.8178578524312,917.1,855.4369282265735
5145,1675,500,51.13237762451172,0.2636950016021728,2,330.0,728.3920543133572,563.48,778.0373010297465
5011,1675,363,51.6392936706543,-2.158179998397827,12,1100.0,1365.2415549259968,890.98,980.965638088762
1560,1575,68,52.65317535400391,0.0971420034766197,3,250.0,379.5049467773715,1138.07,924.1255094368067
3867,1650,1104,53.68329620361328,-1.5059239864349363,1,3530.0,1436.2142137526534,1451.59,1269.4604293133052
10193,1800,871,51.33510208129883,-0.2637124955654144,12,1350.0,2114.462693331625,2334.247,2083.6956978863404
5451,1675,809,52.72515487670898,-2.1163721084594727,10,530.0,1588.9523148986045,1073.48,996.3200119601286
9649,1800,330,51.582069396972656,0.7065150141716003,45,1214.0,2363.6741216489972,2962.161,2432.128109731163
6797,1725,344,51.7184944152832,-1.9682430028915403,40,4000.0,2013.3077725307085,1890.484,1884.208506657589
5558,1675,915,50.98689651489258,-0.7372739911079407,13,950.0,748.6264569963532,704.9,824.1786481012679
2467,1600,648,52.82270050048828,1.3859728574752808,8,780.0,340.2988263358784,631.6,717.5647036937526
9054,1775,723,52.36820602416992,-2.719454050064087,37,2590.0,2746.873540586028,3976.752,2815.4778616732538
10043,1800,726,52.59713363647461,-2.559295892715454,52,2079.0,3127.3512840724798,4872.273,3745.0523947728175
2233,1600,39,51.48371887207031,-0.5251592993736267,11,630.0,372.159155410518,834.47,849.5661387048858
2138,1600,3,52.12942123413086,-0.4676558971405029,9,140.0,591.5473831599593,454.54,666.8387267063094
1451,1575,569,52.62346649169922,-1.4078400135040283,21,1060.0,520.9824368741538,660.8,871.8452139143169
1420,1575,532,53.90302658081055,-2.772196054458618,4,1810.0,1116.7662880243006,1638.15,1420.3816042290669
1412,1575,522,53.59334945678711,-2.296605348587036,4,1010.0,938.3958008389236,3197.31,1684.9418446640798
7355,1725,917,50.94970703125,0.7372599840164185,13,900.0,1030.6550896758345,811.874,921.772522400561
1811,1575,936,52.52048873901367,-1.4653819799423218,17,2310.0,361.04444115676597,472.78,835.6342826967252
9581,1800,262,50.83881378173828,-2.605098009109497,35,485.0,2593.1905124030527,1827.314,2341.9613807722885
10276,1800,956,54.20491790771485,-2.601710081100464,22,4603.0,3493.7639035494212,2915.112,4226.0085127982275
4725,1675,1031,53.74589538574219,-0.8688769936561584,2,880.0,1648.665894869002,893.625,919.4269652651783
6817,1725,363,51.6392936706543,-2.158179998397827,12,3120.0,1888.322958287623,3201.807,2267.7733138791214
5608,1675,97,50.2127685546875,-5.294775009155273,1,810.0,1387.1732888042025,734.03,974.3044780251778
9452,1800,133,50.2083854675293,-5.490886211395264,1,3281.0,2712.253513015028,3685.6615,2394.9998260817606
1413,1575,524,53.65351104736328,-2.632596015930176,2,400.0,1001.9860900589847,3106.94,1552.7586948255887
9860,1800,544,53.45288848876953,-2.635080099105835,6,1589.0,3297.0940701635627,6191.2845,4740.083545888426
3893,1650,140,50.25563430786133,-5.018917083740234,1,430.0,1084.5106251693578,490.65,986.5954303521665
3873,1650,114,50.40602111816406,-4.675067901611328,2,390.0,1096.501574240683,1211.554,1029.0727708271259
2403,1600,585,52.76860046386719,-0.3784619867801666,11,1350.0,626.3210813124679,1236.95,784.581772648597
3986,1650,243,50.55112457275391,-4.141654014587402,15,2250.0,1080.2801190196624,1123.13,1087.8813255762884
1783,1575,91,53.19649887084961,-2.7619869709014893,45,1590.0,1183.9754501679854,1911.77,1399.3483980823594
6116,1700,584,52.97893905639648,-0.0265769995748996,31,3010.0,1778.157503279217,2172.325,1406.507389460286
1430,1575,543,53.76322555541992,-2.7044053077697754,37,500.0,1196.1880706061056,2655.61,1527.803551669239
9407,1800,1086,54.0853385925293,-1.75691020488739,1,11749.0,3190.26799326919,2940.252,4485.071171830709
9737,1800,416,51.95440673828125,-0.0534429997205734,10,45.0,2433.0605291608954,2242.7595,2131.4971630463347
11334,1850,992,51.204627990722656,-2.1810779571533203,1,5252.5,2802.1989173643888,1949.8755,2010.9714835174923
9623,1800,307,51.62834548950195,0.8145390152931213,24,1056.0,2279.9474123445616,2745.576,2441.590537973806
5369,1675,730,52.70203399658203,-2.515043020248413,45,810.0,1818.0441491478487,921.65,942.4375785509026
10309,1800,992,51.204627990722656,-2.1810779571533203,23,4866.0,2373.8997342342554,2606.218,2252.612493157328
4631,1650,915,50.98689651489258,-0.7372739911079407,4,820.0,448.3112106753906,773.53,817.941734422306
9614,1800,3,52.12942123413086,-0.4676558971405029,8,324.0,2679.564713868662,1646.339,2076.828092576496
9810,1800,494,51.34040069580078,0.7315959930419922,48,1362.0,2236.6564647486375,2342.321,2503.4132632974647
4826,1675,167,54.66409683227539,-2.7527079582214355,43,1140.0,2708.7575763531568,826.654,935.2095237407271
5258,1675,624,53.10887145996094,0.2372691929340362,8,50.0,1409.6130756364364,927.419,759.1719331622166
4781,1675,1096,53.796993255615234,-1.2496039867401123,4,480.0,1713.3775123917148,1031.465,1061.9212818676692
8682,1775,347,51.67876815795898,-2.350517988204956,11,2000.0,2455.59050904747,2668.19,2448.803520923091
4634,1650,918,50.773468017578125,0.1011079996824264,5,150.0,247.81471871483518,465.19,605.4297132425716
5471,1675,827,52.44654083251953,0.6225330233573914,16,540.0,1089.365816680467,803.57,738.843314363101
5177,1675,538,53.48120880126953,-2.891011953353882,8,320.0,2049.264157753576,628.68,1070.762989314254
1246,1575,346,51.781375885009766,-2.6468160152435303,23,1260.0,496.81973609662964,769.7,924.7994490336685
9597,1800,280,50.71268081665039,-2.08540415763855,8,334.0,2346.9824200426738,2789.758,2248.0650991526277
4241,1650,507,51.343544006347656,1.0007672309875488,6,140.0,441.94991046548967,318.87,730.8346290164388
1678,1575,8,51.88564300537109,-0.520389974117279,11,750.0,260.0340603681325,2161.859,1567.673718044465
5099,1675,457,52.518550872802734,-0.2560319006443023,31,640.0,1431.209163601503,891.86,820.6215264385681
5282,1675,646,52.5252571105957,0.5543779730796814,30,430.0,1244.7066893690426,668.6,746.2975002300054
4726,1675,1032,53.84161758422852,-0.4344106018543243,13,710.0,1662.1638500428671,843.83,837.3155739611095
10225,1800,903,50.8646125793457,0.2552340030670166,16,1029.0,1877.2381574875544,1612.5625,1948.8988384551876
9410,1800,1089,54.13613510131836,-1.523775577545166,27,15382.0,3283.121866209236,5830.802,4651.007868042703
2392,1600,574,52.75145721435547,-1.1495497226715088,12,900.0,747.0397569467386,1178.51,914.8107615145938
9853,1800,537,54.11520004272461,-2.6377670764923096,16,2001.0,3574.131288496981,2920.871,4368.968730235219
1474,1575,590,53.49748611450195,-0.3153930008411407,33,960.0,702.8477971565371,663.97,773.6252756607225
9774,1800,458,51.14509963989258,0.8739631175994873,50,2532.0,2166.439360349723,3690.632,2397.9520894944685
10029,1800,713,52.49005126953125,-2.998438596725464,103,2975.0,3381.5004298522617,3718.907,4335.085756248259
7346,1725,907,51.06288146972656,-0.3258579969406128,22,3100.0,1276.0858187368794,1346.744,1169.8586532363097
4305,1650,587,53.56006240844727,-0.4530149102210998,19,740.0,1471.1827856308373,643.5,764.373281571598
930,1575,1008,52.09035110473633,-1.9359476566314695,10,330.0,230.54530410741427,698.78,878.8069944544709
5586,1675,946,54.42873764038086,-2.961333036422729,1,1690.0,2232.3817589599857,790.33,1006.3569258874012
5414,1675,774,51.20901107788086,-3.595055103302002,53,480.0,1483.7423457896366,810.4,950.0899910699674
10308,1800,991,51.31966400146485,-2.208853006362915,8,6075.0,2354.0547892053874,2334.9625,2115.087765719219
1823,1575,947,54.45973587036133,-3.024391889572144,2,1370.0,1210.7656391554847,1329.18,1359.572649366616
9641,1800,323,51.523738861083984,0.4058615863323211,26,378.0,2310.0209278156035,2263.356,2494.0411287702505
9883,1800,570,52.47576904296875,-0.921517014503479,54,1450.0,2890.107946230135,1585.87,2437.093536510096
5294,1675,659,52.785377502441406,1.4131609201431274,96,470.0,1483.3547822105102,1096.369,777.3296163211296
9469,1800,151,54.942630767822266,-2.7363290786743164,33,2043.0,4073.1797049265733,5310.516,4534.670485989073
9864,1800,55,51.94485855102539,-0.8787369728088379,46,1222.0,2825.839121496676,2356.698,2433.2789429364643
9763,1800,442,52.319427490234375,-0.1751659959554672,18,1779.0,2605.606852670673,1107.786,2100.8420781126933
2218,1600,376,50.8548469543457,-1.186586856842041,9,730.0,139.74555142802274,1188.7,922.4073645057604
4483,1650,768,51.15167999267578,-3.153888940811157,27,380.0,1024.0058272099704,858.83,952.4725912015324
5596,1675,958,54.46818542480469,-2.5811681747436523,17,1010.0,2252.6756773080488,1287.39,947.4949498024547
5532,1675,887,50.82262802124024,-0.137046992778778,10,2550.0,594.566376747076,498.17,652.9825892873828
9885,1800,572,52.76692581176758,-0.8879085779190063,24,900.0,2856.7420392658387,2207.347,2483.1048686730473
5592,1675,954,54.328006744384766,-2.7462899684906006,4,5730.0,2174.4343946405716,824.82,989.2105518070675
9536,1800,219,50.2875862121582,-3.771038055419922,8,942.0,2477.713020088362,1977.461,2163.5178399052343
5042,1675,395,51.11660385131836,-1.484300971031189,34,230.0,1163.4364830486156,661.18,912.3818239010037
9490,1800,171,54.82554244995117,-3.16123104095459,14,7028.0,4009.6620378286752,3092.619,4515.612305933093
1101,1575,2,52.13690185546875,-0.4628936052322387,21,50.0,383.8994149557475,198.22,529.8671754080103
4709,1675,10,51.87866973876953,-0.420025497674942,6,3130.0,1266.1094868975124,1724.969,967.6072591697374
2286,1600,448,52.29697799682617,-0.3867050111293793,42,900.0,639.5765769365607,692.639,788.6057593352693
5735,1700,156,54.65869903564453,-3.37603759765625,3,2440.0,2895.6895588127372,915.31,1349.4509336869128
5485,1675,842,52.10758972167969,0.7954571843147278,33,1130.0,1012.8192224416998,724.38,734.9029157675234
9683,1800,362,51.74573516845703,-2.2177579402923584,11,5321.0,2715.3194489258676,3155.787,2450.6497682374456
9887,1800,574,52.75145721435547,-1.1495497226715088,27,4979.0,2903.989611460165,2991.594,3438.230789735799
4823,1675,164,55.00535583496094,-2.9701545238494877,1,470.0,2681.490156519052,820.3,971.5349613998558
1257,1575,357,51.92927932739258,-2.4045779705047607,18,950.0,486.11047869225877,580.15,923.3607077079432
9663,1800,343,51.86421203613281,-2.238033533096313,116,1235.0,3218.1838761060353,1969.984,2642.854022570651
5342,1675,706,51.535762786865234,-0.9028940200805664,23,1470.0,1074.8036344829525,1137.29,874.6833320024436
1629,1575,75,53.29670333862305,-2.72456431388855,9,1410.0,1063.1452857048062,2167.56,1494.463733033029
9416,1800,1094,54.07296752929688,-2.289794921875,10,2760.0,3304.3938498647913,2573.183,4475.205786238619
1767,1575,891,50.837928771972656,-0.7218977212905884,14,150.0,-340.0713223905841,300.86,731.7707917925541
9422,1800,110,50.63802719116211,-4.360281944274902,8,1758.0,2725.3387775667434,1162.281,2121.6634017894485
9582,1800,263,50.75297164916992,-2.530904054641724,15,331.0,2465.2828348700787,2360.903,2303.4641084766854
5481,1675,839,52.34326553344727,1.502642035484314,30,920.0,974.080582887058,868.71,747.0188931909559
5114,1675,470,51.4418830871582,0.3707590103149414,19,1280.0,902.6750912314528,943.08,827.8712320418459
9960,1800,645,52.53243255615234,1.4831639528274536,110,937.0,2756.6375726106344,3458.643,3086.912675328366
1349,1575,457,52.518550872802734,-0.2560319006443023,28,490.0,372.12150866487355,619.22,739.7795814883641
4765,1675,108,50.101688385009766,-5.272787094116211,3,1530.0,1350.1346990086968,957.19,959.744937149202
9552,1800,235,50.5218391418457,-3.621571063995361,14,1627.0,2557.289340385898,1632.008,2271.2281316876447
9555,1800,238,50.38679885864258,-4.0359368324279785,14,715.0,2573.088912139363,1781.8875,2279.6598113751447
1727,1575,85,53.29175567626953,-3.0628983974456787,11,720.0,1119.0683903036042,2706.45,1544.1561976226385
999,1575,1082,54.00743865966797,-1.464572787284851,5,1870.0,782.5953764580408,1402.005,1161.0073824396854
2712,1600,902,50.76803588867188,0.290472000837326,14,750.0,-262.55682588546915,483.76,608.0420604417503
5062,1675,415,51.94894027709961,-0.0145592000335454,19,320.0,1156.5397746678282,439.708,811.4490151547911
4642,1650,926,50.82845306396485,-0.3745476901531219,1,410.0,320.63226948317606,508.12,628.508349989699
10246,1800,927,52.215309143066406,-1.8676049709320068,40,1862.0,2772.281202253267,3591.659,2702.1740331614633
5443,1675,801,52.57044982910156,-2.0354721546173096,4,620.0,1499.1087085660401,800.89,934.5554715812951
5317,1675,682,54.97223663330078,-2.4608559608459477,1,260.0,2428.188173315728,578.21,955.6904684767455
5399,1675,76,53.33172225952149,-2.69582200050354,2,310.0,2086.6334110426906,1161.732,1121.8916102381197
5533,1675,888,50.998836517333984,0.3884280025959015,4,1430.0,548.8988765892718,595.01,716.4725785042392
1239,1575,34,51.67551803588867,-0.6072409749031067,6,700.0,170.30483744973753,938.83,891.4952700037043
9534,1800,216,50.34223937988281,-3.5660688877105717,6,747.0,2457.5164131366764,1973.931,2164.51357906173
1254,1575,354,51.70441818237305,-2.187053918838501,7,670.0,327.5729795139123,740.75,1005.9690564077016
5225,1675,592,53.611324310302734,-0.8321589827537537,4,940.0,1742.9085356584692,838.85,909.3610287997163
4324,1650,604,53.38776016235352,-0.3332850039005279,55,610.0,1542.2760224687518,479.68,734.1070972003411
7359,1725,920,50.88740158081055,-0.3266760110855102,20,640.0,1202.2078714086456,947.393,1048.6408399763695
5193,1675,562,52.749210357666016,-1.4686180353164673,33,910.0,1674.34452345936,1237.62,951.5200257399197
2223,1600,380,50.85183334350586,-0.9847131967544556,30,680.0,196.76969030254986,1080.52,911.4102334186164
1830,1575,955,54.335716247558594,-2.752556085586548,9,10880.0,1153.157279219864,1524.11,1374.6976835686353
8888,1775,563,52.61845779418945,-0.9399558901786804,54,490.0,2683.455292297287,1626.392,2703.69152386715
9693,1800,372,51.21119689941406,-1.4919233322143557,17,3295.0,2439.3601194107105,3425.8695,2536.3042283194172
9459,1800,140,50.25563430786133,-5.018917083740234,4,1692.0,2666.6796834676134,2665.593,2150.357738927844
11324,1850,493,51.27241134643555,0.1908980011940002,1,5015.5,2617.213603034623,3411.145,2293.6954087186723
10025,1800,71,53.37708282470703,-2.3639190196990967,16,6953.0,3420.8787647258796,3795.051,4764.081973873134
1060,1575,151,54.942630767822266,-2.7363290786743164,19,330.0,1658.9974314701321,697.6,1205.8556280763703
2386,1600,569,52.62346649169922,-1.4078400135040283,12,1060.0,743.7485939148028,900.48,893.9950380277837
4737,1675,1042,54.24650573730469,-1.0562635660171509,9,840.0,1879.1164766390066,813.06,869.8459975008878
10070,1800,752,51.18226623535156,-3.444892883300781,15,868.0,2602.1588513080933,2455.642,2325.516451620232
5000,1675,352,51.46281051635742,-2.319382429122925,29,960.0,1405.1687855610508,796.62,944.8638707746412
2719,1600,910,50.86904144287109,-0.0372674018144607,12,300.0,-187.8631837387802,354.22,615.1912144735661
9920,1800,605,53.3022346496582,-0.15938700735569,27,130.0,2933.878469533869,969.229,2044.951576499651
9668,1800,348,51.70753860473633,-1.78513503074646,22,1444.0,2687.0513379206386,1817.786,2489.9147787564375
10022,1800,707,51.74699783325195,-0.9741880297660828,67,2328.0,2656.5340176148384,2893.768,2532.0377808667818
11326,1850,731,52.8536376953125,-2.7267119884490967,1,1873.5,3544.550301111565,4342.8375,3457.2706687007794
9721,1800,400,52.03388214111328,-2.4235739707946777,71,3136.0,3094.2360378073427,2804.186,2482.7917813051395
1675,1575,797,53.03403091430664,-2.367405891418457,5,230.0,671.6333759434128,1010.6,1369.7668663613194
1097,1575,195,53.276798248291016,-1.7758899927139282,5,900.0,854.8333159204631,1841.04,1309.6737788406306
7327,1725,887,50.82262802124024,-0.137046992778778,15,2800.0,1139.1891937976688,1207.121,1130.8026601063575
9767,1800,448,52.29697799682617,-0.3867050111293793,59,1400.0,2805.142996925577,1954.214,2221.413714643271
5134,1675,490,51.27364730834961,1.3422924280166626,4,580.0,623.1384990588194,890.31,792.433354892543
4683,1650,972,50.99442672729492,-1.7513879537582395,12,920.0,623.8691878006575,1036.66,888.4797100958654
1689,1575,81,53.01905059814453,-2.767335891723633,5,2260.0,953.6395032138389,1884.71,1462.1297278810164
5234,1675,60,52.55171585083008,0.0886219963431358,1,1340.0,1385.4472850638995,1973.1,1073.3398044589005
5358,1675,720,52.41947555541992,-3.0325849056243896,20,290.0,1694.6201075713034,863.81,1010.6069261048198
4718,1675,1025,53.840118408203125,-0.4163883924484253,2,150.0,1613.6744725532553,1636.465,989.1612374708494
9624,1800,308,51.73558807373047,0.4685496985912323,29,4649.0,2391.9975342186517,1885.272,2208.7718760870175
9575,1800,257,50.6395378112793,-2.0566160678863525,6,1605.0,2315.6233003037632,2459.131,2241.6845354733823
8699,1775,363,51.6392936706543,-2.158179998397827,10,3500.0,2402.787796173652,2997.944,2460.6405584330264
9334,1800,1006,52.091644287109375,-1.946975588798523,2,1376.0,2552.7280368652573,1446.8195,2317.6443957789916
8060,1750,708,51.64508056640625,-1.0105459690093994,35,1110.0,1965.2823500866289,2404.448,2553.139825357654
4887,1675,241,50.429962158203125,-3.83739709854126,1,649.0,1192.8860301385648,1154.46,1081.7412038622429
9808,1800,490,51.27364730834961,1.3422924280166626,2,744.0,1922.2254419872843,4315.1835,2893.7016118291667
9405,1800,1084,53.90582656860352,-1.6917860507965088,17,10625.0,3187.085087295898,5718.585,4727.365307079684
5265,1675,630,52.95307922363281,1.042659044265747,22,200.0,1289.3993559957817,542.88,737.8059193156853
6616,1725,114,50.40602111816406,-4.675067901611328,1,300.0,1876.815396545324,2376.466,2199.8484406971547
2681,1600,870,51.42882537841797,-0.5478760004043579,3,240.0,60.243157454402535,1015.95,776.7857245074177
5221,1675,589,53.649532318115234,-0.6844649910926819,27,360.0,1833.5091250727273,687.62,913.8254192292203
2470,1600,651,52.87868881225586,0.5028610229492188,2,500.0,469.2716180651769,472.37,718.9936535727452
4848,1675,190,53.0138053894043,-1.3537700176239014,2,810.0,1732.6791214278492,975.244,1001.543339435695
1363,1575,47,51.83742141723633,-0.6283590197563171,16,450.0,269.0999472248004,687.22,903.1862493943626
1422,1575,535,54.10829544067383,-2.7810637950897217,1,800.0,1175.961277365146,1860.65,1616.8179937257007
1240,1575,340,51.89938735961914,-2.0782532691955566,31,820.0,486.70015243623493,784.27,938.421762733094
10203,1800,880,51.23727416992188,-0.2058829963207245,8,1128.0,2051.305016866878,1905.198,1944.6356446298205
9457,1800,139,50.26926040649414,-5.06334400177002,8,5000.0,2695.8396463917525,2983.788,2268.784742214558
2401,1600,583,53.16958999633789,0.0062262997962534,21,250.0,750.7586070032194,642.86,741.9885906638266
4863,1675,209,50.60694122314453,-3.601207971572876,5,680.0,1245.5857399287052,1197.9,1021.9719607565868
935,1575,1012,52.10683441162109,-2.0804569721221924,19,910.0,296.10633823750686,766.72,901.9512386710088
9613,1800,299,54.73255920410156,-1.8839399814605715,6,1983.0,3705.3857101041795,3310.589,4323.7628169639465
1014,1575,11,52.12706756591797,-0.2151950001716613,25,400.0,356.6572340366838,660.12,740.0409655649075
10141,1800,819,52.55288696289063,-2.022079944610596,4,5372.0,2792.941837848848,6086.6545,3640.868303445846
2364,1600,54,51.76187515258789,-0.739778995513916,8,520.0,484.7676453671593,893.31,954.1729088538101
4411,1650,696,53.22949600219727,-0.8982070088386536,8,510.0,1342.6598420859737,827.72,933.3110379574871
10304,1800,987,51.37044525146485,-2.1376290321350098,16,4986.0,2396.5325713275743,1696.173,2266.0364067058335
4708,1675,1,52.027252197265625,-0.4951417148113251,35,600.0,1457.3682967219866,460.395,648.0942152613301
10202,1800,88,53.18603897094727,-2.5469799041748047,17,3922.0,3381.3386032709386,4749.388,4889.42392137086
4811,1675,150,54.28145980834961,-3.371648073196411,4,410.0,2507.90658378823,611.026,988.8279784939286
1429,1575,542,53.4961166381836,-2.5187270641326904,2,1590.0,923.7771961515318,2666.84,1598.8025453843707
9788,1800,470,51.4418830871582,0.3707590103149414,16,3119.0,2197.453751422123,2395.908,2412.2003135443188
4860,1675,202,51.07815933227539,-4.058338165283203,3,2750.0,1474.2712905705412,1110.67,1028.3813213153758
5059,1675,411,51.75967025756836,-0.5617591738700867,13,830.0,1150.2416299354518,998.31,847.3880572399138
2509,1600,696,53.22949600219727,-0.8982070088386536,29,520.0,910.0523762180528,824.43,919.1057192488806
1697,1575,817,52.89811706542969,-1.8658009767532349,17,1210.0,592.1920166967102,827.13,1119.7451004703642
4476,1650,759,50.92849349975586,-2.911062002182007,19,1050.0,876.9654817222981,711.94,951.6768898941887
1611,1575,730,52.70203399658203,-2.515043020248413,23,1100.0,677.0991221931181,1001.97,937.1603505420219
5153,1675,509,51.48947525024414,0.0675882995128631,3,1130.0,884.8412768984635,656.37,777.7695625489702
5736,1700,157,54.48097229003906,-3.528925895690918,2,1200.0,2852.5707377492,1387.679,1501.750379924039
4841,1675,181,52.92253112792969,-1.4746185541152954,2,2140.0,1722.2734012195579,1112.184,1023.8230542027652
4840,1675,180,53.23504638671875,-1.4216289520263672,18,1340.0,1892.5043704181226,828.78,987.2958151810517
9428,1800,1105,53.92705535888672,-1.38481605052948,9,1140.0,3106.071074051106,2522.457,4139.920288463766
4923,1675,277,50.68781661987305,-2.110980987548828,7,990.0,1031.1760040044755,769.29,994.9395600600254
4469,1650,752,51.18226623535156,-3.444892883300781,13,910.0,1024.2980757476325,1071.01,976.645931331317
1820,1575,944,52.28225326538086,-1.5879193544387815,17,1400.0,294.21269976977055,564.49,823.2459153879937
1079,1575,173,53.097450256347656,-1.382256031036377,8,400.0,751.3308345822879,1369.68,1143.2304804012963
5232,1675,599,52.80398941040039,0.013434000313282,34,1030.0,1457.537944173906,781.099,783.373200696976
5738,1700,159,54.73796081542969,-3.185420036315918,17,460.0,2953.344361194395,897.345,1297.5515014087107
8063,1750,710,51.847267150878906,-1.3540910482406616,37,1020.0,2096.878024028323,2645.829,2601.7453915066544
9629,1800,312,51.95890045166016,0.993457019329071,23,1432.0,2361.92516963229,2124.872,2063.8029084346035
5564,1675,920,50.88740158081055,-0.3266760110855102,12,370.0,644.6602061446538,482.62,657.3385311218252
3882,1650,127,50.2330207824707,-5.22666597366333,1,460.0,1112.7506386603272,780.54,986.5954303521665
5329,1675,694,53.07003784179688,-0.8065699934959412,61,2690.0,1763.3392322506552,936.25,893.2090306980234
4760,1675,1075,53.68983459472656,-1.629694938659668,5,440.0,1745.4978397393716,1120.41,1029.2624289562884
9474,1800,157,54.48097229003906,-3.528925895690918,17,1556.0,3963.357785539367,9511.969,8566.695711734797
4722,1675,1029,53.73945999145508,-0.2006222009658813,26,500.0,1647.3748994914495,705.89,804.0773823274702
5536,1675,891,50.837928771972656,-0.7218977212905884,20,190.0,731.941180759437,270.62,756.2517526416134
9557,1800,24,51.40140914916992,-1.3231139183044434,59,4898.0,2770.335165128541,3210.48,2742.8428292873177
2460,1600,641,52.90935897827149,1.0867470502853394,1,360.0,388.76716946135275,617.35,753.6857969652332
4805,1675,142,50.51243209838867,-4.820312976837158,4,510.0,1417.4086737772523,1108.79,1013.1896185638958
10016,1800,701,51.89999771118164,-1.153152346611023,67,4190.0,2739.4681030939464,3857.774,3306.6017079587846
6620,1725,128,50.409210205078125,-4.216430187225342,2,770.0,1807.0867529068855,2127.229,1986.589824375205
10049,1800,731,52.8536376953125,-2.7267119884490967,55,4516.0,3254.1161655908654,5347.343,3920.8543492274493
10011,1800,697,53.309303283691406,-1.1227450370788574,11,3702.0,2987.0221738351684,2583.98,3335.6623439104774
5235,1675,600,53.207305908203125,-0.1124500036239624,51,990.0,1690.7521556164793,768.934,798.462026304343
6814,1725,360,51.78716659545898,-2.193556070327759,13,2260.0,1950.6823684043266,2729.958,2191.050220110146
9713,1800,392,50.89727020263672,-1.3947336673736572,1,419.0,2239.487066896916,2898.849,2266.8384917896356
9735,1800,414,51.93568420410156,-0.0290021002292633,3,367.0,2393.2233253995146,2046.6215,2073.3449268640265
2198,1600,356,51.99141693115234,-1.7028526067733765,8,530.0,618.3524822188192,890.32,946.4951635247704
5581,1675,94,50.68691253662109,-4.692831993103027,1,220.0,1460.8851779372126,1410.98,1035.8234018641142
2642,1600,827,52.44654083251953,0.6225330233573914,4,440.0,253.04431878449395,515.53,695.1001463820486
4909,1675,262,50.83881378173828,-2.605098009109497,35,260.0,1285.4870039989983,801.97,960.3107881409231
9696,1800,375,50.73577880859375,-1.7785860300064087,6,4149.0,2269.1830607598895,3596.526,2324.729749513278
5029,1675,380,50.85183334350586,-0.9847131967544556,41,540.0,1028.7829054607282,1098.47,906.0071094861997
2321,1600,485,51.3366813659668,1.4020323753356934,14,910.0,-104.02322711790475,764.11,766.7643920446158
9755,1800,435,51.75515365600586,-0.3359138965606689,5,1828.0,2379.506345222311,1869.272,2085.61907708524
9881,1800,569,52.62346649169922,-1.4078400135040283,31,790.0,2917.9315793794012,5062.809,3620.304789406996
9390,1800,1069,54.09426498413086,-1.395384669303894,5,747.0,3160.212355117983,3107.222,4116.9705461033855
5268,1675,633,52.60661315917969,0.3854719996452331,28,940.0,1294.6538892811586,509.55,747.2176142138809
9571,1800,253,50.85690689086914,-2.1653530597686768,53,2425.0,2612.0678630299517,1831.433,2328.0231403906455
3957,1650,211,50.740631103515625,-3.070421934127808,7,1730.0,956.8585315516393,1435.3,1034.0479318980942
1444,1575,562,52.749210357666016,-1.4686180353164673,18,320.0,563.5574756691858,1071.2,960.3601956314335
4834,1675,174,53.0166244506836,-1.732179045677185,41,970.0,1965.0931382469207,1287.92,1024.7153577448498
5017,1675,37,51.999324798583984,-0.9876449704170228,42,2100.0,1542.3950363918484,1285.034,919.9451398361973
2647,1600,832,52.22710037231445,1.1805238723754885,9,450.0,110.29874406671297,611.03,699.356952918786
9608,1800,294,54.91613006591797,-1.3865375518798828,4,7595.0,3685.742936914772,6478.687,4988.264265956516
9342,1800,1013,52.06065368652344,-1.622814059257507,35,1377.0,2631.872841768818,2627.952,2418.7653463871234
10175,1800,852,52.24261474609375,0.4106374084949493,38,1431.0,2445.430884450747,1258.847,1949.0475865119536
9516,1800,2,52.13690185546875,-0.4628936052322387,10,479.0,2690.374619967304,1590.842,2129.494269333065
3843,1650,1078,53.72702026367188,-1.8575400114059448,3,16870.0,1522.5268432788216,1985.175,1203.3217014256336
10086,1800,768,51.15167999267578,-3.153888940811157,32,195.0,2614.7914509838156,2690.738,2327.9862154750485
6810,1725,357,51.92927932739258,-2.4045779705047607,27,3000.0,2094.129233417283,1670.293,1914.0717049126981
9371,1800,1043,54.26956558227539,-0.931249976158142,38,4131.0,3300.217426538642,4354.711,4790.427126080616
3984,1650,241,50.429962158203125,-3.83739709854126,5,800.0,948.5784594089273,999.53,1082.0340238429974
3887,1650,133,50.2083854675293,-5.490886211395264,4,1130.0,1155.9341511435414,814.51,982.3983894761907
9748,1800,428,51.764408111572266,0.0143866995349526,8,1668.0,2343.8381711346374,1989.899,2105.711710656958
1089,1575,186,52.91838455200195,-1.4858993291854858,3,510.0,679.1354072647155,1003.99,1183.1436044077388
5125,1675,482,51.44107055664063,0.3369399905204773,13,450.0,877.9776388223618,920.84,830.8665201371673
2199,1600,357,51.92927932739258,-2.4045779705047607,23,830.0,769.1925940620495,934.71,965.2404802784763
5005,1675,358,51.804962158203125,-2.4516968727111816,17,700.0,1491.4956365141988,836.81,952.7625580093068
9506,1800,189,53.44332885742188,-1.9489070177078247,7,10797.0,3304.059035768143,3942.631,4744.058922698382
9397,1800,1077,53.93499755859375,-2.263415813446045,10,2718.0,3257.4897278468707,5518.396,4606.779160186453
1494,1575,610,52.79010009765625,-0.1537023931741714,6,770.0,308.20592751309596,1185.04,753.6371113810033
2381,1600,564,52.84501647949219,-1.3373000621795654,26,570.0,872.1433809331211,931.22,945.3826736292793
4836,1675,177,52.98469543457031,-1.4873130321502686,9,270.0,1777.3624546329302,1317.76,1076.857669292871
5126,1675,483,51.41728591918945,0.7470207214355469,22,270.0,844.8784636209239,847.91,807.2868158494276
9926,1800,611,53.17467498779297,0.0914399027824401,33,963.0,2874.5958093004883,1529.9,2054.8723255115788
9749,1800,429,51.79352188110352,-0.0155528001487255,11,1003.0,2371.2348618621254,1971.736,2181.2958425631714
9360,1800,1033,54.06393051147461,-0.3793030083179474,25,789.0,3090.4022496198522,4545.101,3610.9140012786893
4876,1675,225,50.81917572021485,-4.07240104675293,5,520.0,1387.3526748344011,1001.66,1020.2217249504465
5515,1675,870,51.42882537841797,-0.5478760004043579,15,1090.0,896.5646553503757,1065.46,788.3785085395574
10061,1800,744,51.11333847045898,-2.452894926071167,10,1536.0,2406.0558331381253,2082.1315,2261.6045307546615
10080,1800,762,51.41743087768555,-2.4986824989318848,39,1748.0,2638.6026174768194,2862.731,2509.866838892763
9843,1800,525,53.87109756469727,-2.393083095550537,20,1767.0,3472.143340474475,4527.271,4597.704188002266
9732,1800,411,51.75967025756836,-0.5617591738700867,18,1963.0,2479.4865520284875,2260.833,2234.08628555775
9769,1800,450,52.44374465942383,-0.7115600109100342,10,690.0,2694.776190250137,2281.411,2289.440754604628
1241,1575,341,52.04965591430664,-1.7832211256027222,24,600.0,463.2076129568668,741.696,879.4515377825285
4536,1650,819,52.55288696289063,-2.022079944610596,2,1000.0,1215.0810622883873,988.67,947.3273041166341
8929,1775,602,53.36596298217773,-0.0077109998092055,52,3300.0,2779.8545749619225,3607.557,4124.454752997688
5599,1675,960,51.16791915893555,-1.7629783153533936,50,850.0,1115.290685763517,800.88,878.8918518625252
9404,1800,1083,53.68012237548828,-1.6967129707336426,13,4315.0,3092.0920446561577,5962.408,4635.107437494164
2252,1600,411,51.75967025756836,-0.5617591738700867,5,600.0,331.1532629906578,863.66,806.7823314606179
5150,1675,505,51.2669677734375,0.0718270018696785,6,680.0,820.6541186467148,517.25,765.238378001268
4743,1675,1053,54.47190856933594,-1.1853100061416626,1,670.0,1939.8188183297752,855.85,931.8174207516039
1446,1575,564,52.84501647949219,-1.3373000621795654,20,350.0,584.7529828255429,1104.45,1022.0975904728939
9659,1800,34,51.67551803588867,-0.6072409749031067,8,4947.0,2532.7877180526266,3057.73,2514.4416537923503
2720,1600,911,50.8664436340332,0.022928200662136,20,330.0,-163.90392050235823,316.42,616.7943809056746
5458,1675,815,52.633583068847656,-1.6910320520401,14,1300.0,1506.706053549984,999.53,881.4150057657799
5523,1675,878,51.29640579223633,-0.3311200141906738,18,520.0,827.2847372961842,767.68,757.3227884956815
1771,1575,898,50.73512268066406,-0.7737085223197937,19,100.0,-348.6522277703043,331.88,741.9427360485467
5625,1675,991,51.31966400146485,-2.208853006362915,7,1410.0,1042.042998063538,1584.5,1000.4788495315577
4910,1675,263,50.75297164916992,-2.530904054641724,13,310.0,1148.9627609904346,861.74,974.7914139849936
4980,1675,334,51.95326232910156,0.3446182906627655,12,1410.0,1098.0081354360882,760.539,834.3025372877383
1062,1575,153,54.89370346069336,-2.937489748001098,36,1150.0,1745.5458239884174,834.05,1208.1144450685451
5530,1675,885,50.85517120361328,-0.555118978023529,33,520.0,770.1374133813151,519.24,704.17258259795
9593,1800,275,50.925140380859375,-2.304641962051392,17,1461.0,2495.356156316746,2121.6415,2330.0106024571814
5549,1675,905,50.857872009277344,0.5941442847251892,5,540.0,466.8853953765283,744.19,645.6045692867643
4302,1650,584,52.97893905639648,-0.0265769995748996,24,2410.0,1224.9181207530273,1936.04,820.0756510022007
6794,1725,341,52.04965591430664,-1.7832211256027222,20,1500.0,2015.2186920905588,1343.092,1721.180305659214
1817,1575,941,52.19173049926758,-1.7082979679107666,33,1680.0,351.03939801618253,495.48,824.4521213413437
8702,1775,366,51.60711669921875,-2.525097370147705,26,1970.0,2516.129929301096,2687.971,2533.3764502648037
4491,1650,776,51.18970489501953,-2.546199083328247,6,2020.0,850.5627695609292,742.75,967.2311145108414
5475,1675,831,52.0890998840332,0.5599796772003174,46,760.0,1102.1540924230503,806.952,765.0245367881514
5486,1675,843,52.07435607910156,0.7163299918174744,21,980.0,961.4014597493078,676.6,731.0705603636187
8683,1775,348,51.70753860473633,-1.78513503074646,23,1200.0,2429.818918977624,1759.918,2533.3290349581193
2699,1600,888,50.998836517333984,0.3884280025959015,29,600.0,-128.01616000828653,748.16,689.7065107067859
4656,1650,94,50.68691253662109,-4.692831993103027,4,270.0,1212.2693244697803,1032.07,1028.3762527090664
5211,1675,58,52.097774505615234,0.2777230143547058,86,790.0,1564.5598506078823,807.38,831.9497181768229
9826,1800,509,51.48947525024414,0.0675882995128631,12,17054.0,2231.319329942671,2504.887,2281.532946162855
9995,1800,679,55.12695693969727,-1.5102770328521729,3,1522.0,3652.876739215768,7812.152,4687.306218714764
4977,1675,331,51.57707595825195,0.1783190071582794,12,780.0,993.2074190850835,714.1,862.7847279371646
5453,1675,810,52.76151657104492,-1.935966968536377,17,600.0,1603.6700318423027,1269.1,951.7504821668715
9605,1800,290,54.95267868041992,-1.6034109592437744,16,8782.0,3784.9189386782236,8534.938,4748.278998876043
9354,1800,1028,54.00599670410156,-0.4433769881725311,34,3882.0,3120.399344797508,2262.876,2846.575570844854
9752,1800,432,51.8155403137207,0.1472100019454956,10,1827.0,2348.5675739701255,2100.98,2175.177493017769
9900,1800,587,53.56006240844727,-0.4530149102210998,28,1742.0,3079.201540355869,1822.765,2583.214854421024
9723,1800,402,52.22021865844727,-2.8913450241088867,30,1135.0,3054.2000713047382,4827.529,2927.723960229599
9646,1800,328,51.94540786743164,1.06208598613739,40,1075.0,2414.8275659289357,2511.025,2111.920469620779
9637,1800,32,51.48184585571289,-0.6373608112335205,18,6873.0,2513.4996924568186,2894.666,2643.2434383931713
5226,1675,593,52.90556335449219,-0.2059500068426132,17,820.0,1455.503326073027,936.7,787.9190851342667
4864,1675,21,51.41234588623047,-1.517994999885559,31,620.0,1376.8234019031588,991.9,966.1071460549315
1189,1575,290,54.95267868041992,-1.6034109592437744,6,1550.0,1387.9697961729762,1575.21,1235.0240902187754
10285,1800,965,51.43144226074219,-2.189673900604248,21,2395.0,2454.3370981110274,3006.399,2308.7923035111858
4952,1675,309,51.7099723815918,0.2446185052394867,27,400.0,1100.9545783244685,964.638,873.233231862913
9944,1800,630,52.95307922363281,1.042659044265747,14,595.0,2562.6366024974704,1363.329,1824.915838491409
1341,1575,444,52.33076477050781,-0.1849770992994308,1,130.0,183.34289573386923,319.7,824.1151561081191
5081,1675,436,51.88368988037109,0.026070000603795,9,750.0,1077.7839720426564,916.797,849.3530492082868
5038,1675,389,50.90370178222656,-1.4054906368255615,2,610.0,940.9425054250896,1012.05,885.4019622451959
5366,1675,728,52.85714721679688,-3.0564119815826416,6,940.0,1788.3308106574914,1892.65,1170.6984008071715
2664,1600,850,52.147586822509766,1.0532565116882324,2,300.0,66.32742402711301,614.47,688.5667143558001
4636,1650,92,50.47149658203125,-4.718863010406494,5,1470.0,1145.9813399427221,1252.25,1028.3762527090664
5127,1675,484,51.33554458618164,1.419895052909851,1,700.0,621.7540110258851,1463.44,827.434176254419
9531,1800,212,51.19947814941406,-4.024284839630127,24,732.0,2906.4208683494144,3562.7355,2448.731852251687
4989,1675,342,51.5351676940918,-2.390937805175781,39,640.0,1487.7117450420337,900.71,944.8638707746412
9814,1800,498,51.0693588256836,0.6891220211982727,27,2786.0,2056.8030804342125,1798.508,2293.6025406389454
4898,1675,252,50.753868103027344,-2.2197399139404297,30,600.0,1177.9877333666154,951.11,976.464449653354
9889,1800,576,52.81736755371094,-0.8107845187187195,54,400.0,2990.4532781891903,2067.646,2723.5731158014264
9821,1800,503,51.19985580444336,0.3492315113544464,26,5932.0,2148.925136851627,2358.0945,2317.5245534900005
4891,1675,246,50.54646301269531,-3.519756555557251,2,380.0,1187.3180288822768,2220.89,1089.3904475394418
5527,1675,881,51.2419548034668,-0.2037999927997589,4,1420.0,727.3669458677177,998.58,751.4539735751055
5551,1675,908,50.873870849609375,0.0087799998000264,6,970.0,566.123715769987,340.81,636.0571936474594
4315,1650,596,53.40057373046875,-0.774465024471283,30,1940.0,1509.6125565545226,938.33,900.6661240764245
9657,1800,338,51.75331497192383,-2.1393744945526123,25,4757.0,2773.753437247491,3333.9095,2540.4465731758123
2221,1600,379,50.78506088256836,-1.1491540670394895,13,530.0,125.88481314389355,1503.521,1013.1443251058398
1809,1575,934,52.34955596923828,-1.5807299613952637,21,550.0,336.99487356290047,530.32,831.0572799935372
5550,1675,907,51.06288146972656,-0.3258579969406128,24,1090.0,761.6209808508429,677.64,731.4898166538666
9514,1800,198,53.082820892333984,-1.5706770420074463,43,10357.0,3272.0639615803375,6040.131,5026.651372993783
9923,1800,609,53.00030899047852,-0.4096499979496002,69,3685.0,3046.709192899405,6215.663,4717.765091956275
2466,1600,647,52.47547149658203,1.0765060186386108,5,330.0,254.13982328022394,537.63,688.9892503993443
4904,1675,258,50.71116256713867,-2.441180944442749,6,2240.0,1091.9376813649578,780.68,980.596347322676
9650,1800,331,51.57707595825195,0.1783190071582794,15,3244.0,2313.8357757025296,2795.499,2528.499563859194
7358,1725,92,50.47149658203125,-4.718863010406494,1,300.0,1913.3703140339785,2540.11,2224.8854777341917
4838,1675,179,53.32398986816406,-1.9129233360290527,11,550.0,1969.5054967813849,1474.56,1056.9782181261612
10218,1800,898,50.73512268066406,-0.7737085223197937,12,198.0,1975.0561081924388,2093.206,2242.1221109283824
1496,1575,613,52.65253829956055,-0.4809170961380005,2,290.0,292.4494086624836,388.42,682.1813498663633
9773,1800,457,52.518550872802734,-0.2560319006443023,21,1391.0,2695.8298446276167,2373.504,2293.304617303424
4985,1675,339,52.01469421386719,-1.7631289958953855,1,480.0,1395.599368300449,961.088,962.769410693822
4773,1675,1089,54.13613510131836,-1.523775577545166,11,1440.0,1906.4858340004503,951.36,979.8500822820324
5454,1675,811,52.80669403076172,-2.1206600666046143,6,1430.0,1600.2308458910702,1126.7,1012.9317009838803
1709,1575,83,53.06718444824219,-2.524101972579956,16,2220.0,979.6964081862534,2280.78,1400.1661507906229
2445,1600,626,52.79667282104492,1.252351999282837,9,600.0,363.0562233584351,707.62,716.6537702141334
6807,1725,354,51.70441818237305,-2.187053918838501,17,4000.0,1939.9000169767241,1908.602,2059.1576297138085
4957,1675,313,51.7003288269043,0.108654998242855,25,660.0,1108.6806970321559,893.534,873.233231862913
9717,1800,397,51.22977066040039,-1.3353040218353271,33,1324.0,2482.747644180774,3570.071,2834.376519007851
1076,1575,170,54.49055099487305,-3.5895867347717285,3,2340.0,1557.7823290099695,919.444,1351.524010899908
5117,1675,473,51.071739196777344,1.081936955451965,12,750.0,632.5941911732807,730.57,796.8222294774866
1065,1575,157,54.48097229003906,-3.528925895690918,12,400.0,1587.9500567230934,1210.842,1299.8447101700476
4303,1650,585,52.76860046386719,-0.3784619867801666,19,1020.0,1183.8687465764451,1227.87,790.9153429001192
4410,1650,695,53.079044342041016,-0.9599210023880004,22,1200.0,1360.2592674661137,885.89,897.2171203527511
9711,1800,389,50.90370178222656,-1.4054906368255615,5,2792.0,2261.5708620425285,2426.0915,2329.0320798981165
9966,1800,651,52.87868881225586,0.5028610229492188,25,880.0,2660.6877344809545,1641.122,1935.2561550548346
1386,1575,494,51.34040069580078,0.7315959930419922,37,350.0,-164.600960494412,642.35,710.5711947807245
9475,1800,158,54.6107177734375,-3.5641860961914062,7,1621.0,3970.716515443084,10204.164,8425.21829723935
9653,1800,334,51.95326232910156,0.3446182906627655,21,1733.0,2444.486188480303,1722.563,2069.2928380891385
9686,1800,365,51.608306884765625,-2.525152921676636,29,1083.0,2791.3347784925354,2885.538,2533.3764502648037
5476,1675,832,52.22710037231445,1.1805238723754885,33,840.0,998.319634816231,854.43,744.1735277022946
4771,1675,1087,53.691688537597656,-1.3086479902267456,22,1440.0,1766.0874977771746,1213.15,994.1632633329812
4729,1675,1035,53.68376159667969,-0.0117969997227191,9,510.0,1523.6649087632031,698.48,810.6843696500549
9858,1800,542,53.4961166381836,-2.5187270641326904,3,17525.0,3281.9517940166334,6642.6005,4858.1301640191405
925,1575,1003,52.260704040527344,-2.1434214115142822,19,180.0,362.3973748399003,747.6,936.5689902495625
5267,1675,632,52.37649154663086,1.1083940267562866,37,1160.0,1141.8617113232904,690.199,730.4037423511095
9540,1800,223,50.95464706420898,-4.135997772216797,16,2151.0,2800.2045001261795,2257.9745,2312.1032972094185
7360,1725,921,50.91832733154297,-0.4543130099773407,18,350.0,1223.7649678803427,1012.819,1076.5533559235582
2203,1600,360,51.78716659545898,-2.193556070327759,7,930.0,617.1291635735033,928.82,1033.6015044958906
4835,1675,175,53.21520614624024,-1.6761709451675415,25,820.0,1956.5682787094556,1076.705,1023.0653674069276
9837,1800,52,52.05717086791992,-0.8538764715194702,32,968.0,2801.8626127825773,2020.627,2457.383128125571
5499,1675,855,52.21585464477539,1.488055944442749,23,390.0,896.6294961541062,761.18,745.4783315300457
2471,1600,652,52.64746475219727,0.6874809861183167,8,750.0,385.56753532297444,536.02,699.3372444922352
9691,1800,370,51.63802337646485,-2.351248025894165,24,3800.0,2751.774568462868,3290.945,2546.234868054166
3967,1650,225,50.81917572021485,-4.07240104675293,11,620.0,1151.6616695803532,1229.9,1029.5860746878031
9592,1800,274,50.95862579345703,-2.378667116165161,12,2221.0,2497.243365475748,2160.465,2271.1074496337674
8515,1775,180,53.23504638671875,-1.4216289520263672,26,3340.0,2973.1334390437332,4140.921,4427.525024640075
1495,1575,611,53.17467498779297,0.0914399027824401,38,240.0,542.2709078621556,629.27,756.4108093625426
5111,1675,468,51.295143127441406,1.1244670152664185,67,170.0,942.5963861974378,870.721,802.1291572795309
5067,1675,422,51.79575729370117,-0.0811569988727569,5,980.0,1050.7864111897143,888.49,841.3785475586466
2507,1600,694,53.07003784179688,-0.8065699934959412,63,2600.0,987.3336926838092,931.67,883.1466941477794
1765,1575,89,53.14656066894531,-2.367382049560547,3,1760.0,925.3508872591483,1810.99,1424.8271589171886
2389,1600,571,52.49190902709961,-0.9032570123672484,12,1320.0,619.3404434595504,1032.19,889.4808862726062
2423,1600,602,53.36596298217773,-0.0077109998092055,39,2100.0,893.0619876049095,976.84,789.5096598598581
4741,1675,1049,54.33778381347656,-1.4310027360916138,15,910.0,1992.443020123661,678.59,877.7105784272271
4797,1675,122,50.54206085205078,-4.939016819000244,1,1240.0,1439.441994513014,1206.15,1025.460901864114
8606,1775,273,50.94782257080078,-2.5144829750061035,18,2760.0,2279.042308795608,2617.31,2316.4282090783076
9759,1800,439,51.8104362487793,-0.0281770005822181,8,3369.0,2363.014913674073,1839.707,2056.3405724751838
9570,1800,252,50.753868103027344,-2.2197399139404297,19,1195.0,2438.30013165492,2626.101,2386.116614028366
